{"cameraMode":{"drawMode":0,"name":"Shaded","section":"Shading Mode"},"sceneLighting":false,"audioPlay":false,"sceneViewState":{"m_AlwaysRefresh":false,"showFog":true,"showSkybox":false,"showFlares":true,"showImageEffects":true,"showParticleSystems":true,"showVisualEffectGraphs":true,"m_FxEnabled":true},"in2DMode":false,"pivot":{"x":1.563002586364746,"y":-12.213037490844727,"z":-7.889886856079102},"rotation":{"x":0.27399978041648867,"y":0.10647492855787277,"z":-0.030542859807610513,"w":0.9553539752960205},"size":15.69477367401123,"orthographic":false}